date,store,product,price,url
2026-05-25,Andorra Campers,522,11.60,https://www.andorracampers.com/es/sikaflex-522-blanca_3485_342.html
2026-05-25,Barna Campers,522,11.50,https://barnacampers.es/Sikaflex-52-BLANCO
2026-05-25,Madrid Camper 522,522,12.40,https://madridcamper.com/selladores-y-adhesivos/9522-sikaflex-522-blanco.html
2026-05-25,Intercut 554,554,16.84,https://intercut.es/products/sikaflex-554-300-ml-2284
2026-05-25,Obelink 554,554,17.99,https://www.obelink.es/sikaflex-554-kit-de-montaje-black-628401.html
2026-05-25,Berger Camping 554,554,21.75,https://www.berger-camping.es/producto/adhesivo-de-montaje-sikaflex-554-sika-217196
2026-05-25,Madrid Camper 554,554,18.87,https://madridcamper.com/selladores-y-adhesivos/9519-sikaflex-554-negro.html
2026-05-25,Toolstock 621,621,15.00,https://www.toolstock.info/principal/10201-SIKAFLEX-621CARTCH300CM3-NEGRO
2026-05-25,Plana Online 621,621,11.80,https://planaonline.com/es/nautica-y-marina/sikaflex-621.html
2026-05-26,Barna Campers,522,11.50,https://barnacampers.es/Sikaflex-52-BLANCO
2026-05-26,Madrid Camper 522,522,12.40,https://madridcamper.com/selladores-y-adhesivos/9522-sikaflex-522-blanco.html
2026-05-26,Obelink 522,522,10.99,https://www.obelink.es/sikaflex-522-kit-sellador-adhesivo-hibrido-white-628399.html
2026-05-26,Intercut 554,554,16.84,https://intercut.es/products/sikaflex-554-300-ml-2284
2026-05-26,Obelink 554,554,17.99,https://www.obelink.es/sikaflex-554-kit-de-montaje-black-628401.html
2026-05-26,Berger Camping 554,554,21.75,https://www.berger-camping.es/producto/adhesivo-de-montaje-sikaflex-554-sika-217196
2026-05-26,Madrid Camper 554,554,18.87,https://madridcamper.com/selladores-y-adhesivos/9519-sikaflex-554-negro.html
2026-05-26,Toolstock 621,621,15.00,https://www.toolstock.info/principal/10201-SIKAFLEX-621CARTCH300CM3-NEGRO
2026-05-26,Plana Online 621,621,11.80,https://planaonline.com/es/nautica-y-marina/sikaflex-621.html
2026-05-26,MasQueCamper T930,T930,27.04,https://www.masquecamper.com/producto/sellador-negro-terostat-ms-930-310-ml/
2026-05-26,Intercut T930,T930,12.47,https://intercut.es/products/teroson-ms-930-310ml-sellador-blanco-712
2026-05-26,Aismar SF45,SF45,6.66,https://www.poliuretanosaismar.com/tienda/resinas/reparacion-soudal/soudaflex-pu450-fc-300ml/
2026-05-26,Mengual SF45,SF45,9.46,https://www.mengual.com/soudaflex-45fc-adhesivo-sellador-de-poliuretano
2026-05-26,Esteba SF45,SF45,3.42,https://www.esteba.com/es/adhesivo-sellador-pu-soudaflex-45fc
2026-05-26,Simor SS240,SS240,7.07,https://simor.es/producto/soudaseal-240-fc-290-ml/
2026-05-26,Mengual SS240,SS240,21.93,https://www.mengual.com/adhesivo-sellador-soudalseal-240fc-bolsa-de-600-ml
2026-05-26,Ventigo SS240,SS240,10.31,https://www.ventigo.es/es_ES/p/sellador-adhesivo-ms-polimero-gris-soudaseal-240fc-tubo-290ml-unidad/5881/
2026-05-26,Ferreteria Esmas QT,QT,6.00,https://www.ferreteriaesmas.com/adhesivos-de-montaje/117-polimero-adhesivo-fija-plus-turbo-quiadsa-8425608305791.html
2026-05-26,Destornillate QT,QT,6.90,https://www.destornillate.es/producto/quiadsa-adhesivo-sellador-fija-plus-turbo-blanco-290ml/
2026-05-27,Barna Campers,522,11.50,https://barnacampers.es/Sikaflex-52-BLANCO
2026-05-27,Obelink 522,522,10.99,https://www.obelink.es/sikaflex-522-kit-sellador-adhesivo-hibrido-white-628399.html
2026-05-27,Intercut 554,554,16.84,https://intercut.es/products/sikaflex-554-300-ml-2284
2026-05-27,Obelink 554,554,17.99,https://www.obelink.es/sikaflex-554-kit-de-montaje-black-628401.html
2026-05-27,Berger Camping 554,554,21.75,https://www.berger-camping.es/producto/adhesivo-de-montaje-sikaflex-554-sika-217196
2026-05-27,Toolstock 621,621,15.00,https://www.toolstock.info/principal/10201-SIKAFLEX-621CARTCH300CM3-NEGRO
2026-05-27,Plana Online 621,621,11.80,https://planaonline.com/es/nautica-y-marina/sikaflex-621.html
2026-05-27,MasQueCamper T930,T930,27.04,https://www.masquecamper.com/producto/sellador-negro-terostat-ms-930-310-ml/
2026-05-27,Intercut T930,T930,12.47,https://intercut.es/products/teroson-ms-930-310ml-sellador-blanco-712
2026-05-27,Aismar SF45,SF45,6.66,https://www.poliuretanosaismar.com/tienda/resinas/reparacion-soudal/soudaflex-pu450-fc-300ml/
2026-05-27,Mengual SF45,SF45,9.46,https://www.mengual.com/soudaflex-45fc-adhesivo-sellador-de-poliuretano
2026-05-27,Esteba SF45,SF45,3.42,https://www.esteba.com/es/adhesivo-sellador-pu-soudaflex-45fc
2026-05-27,Simor SS240,SS240,7.07,https://simor.es/producto/soudaseal-240-fc-290-ml/
2026-05-27,Mengual SS240,SS240,21.93,https://www.mengual.com/adhesivo-sellador-soudalseal-240fc-bolsa-de-600-ml
2026-05-27,Ventigo SS240,SS240,10.31,https://www.ventigo.es/es_ES/p/sellador-adhesivo-ms-polimero-gris-soudaseal-240fc-tubo-290ml-unidad/5881/
2026-05-27,Ferreteria Esmas QT,QT,6.00,https://www.ferreteriaesmas.com/adhesivos-de-montaje/117-polimero-adhesivo-fija-plus-turbo-quiadsa-8425608305791.html
2026-05-27,Destornillate QT,QT,6.90,https://www.destornillate.es/producto/quiadsa-adhesivo-sellador-fija-plus-turbo-blanco-290ml/
2026-05-27,ModregoHogar SP101,SP101,52.00,https://www.modregohogar.com/ferreteria/silicona/siliconas-y-masillas/instant-tack-sp101-cartucho-blanco.html
2026-05-28,Barna Campers,522,11.50,https://barnacampers.es/Sikaflex-52-BLANCO
2026-05-28,Obelink 522,522,10.99,https://www.obelink.es/sikaflex-522-kit-sellador-adhesivo-hibrido-white-628399.html
2026-05-28,Intercut 554,554,16.84,https://intercut.es/products/sikaflex-554-300-ml-2284
2026-05-28,Obelink 554,554,17.99,https://www.obelink.es/sikaflex-554-kit-de-montaje-black-628401.html
2026-05-28,Berger Camping 554,554,21.75,https://www.berger-camping.es/producto/adhesivo-de-montaje-sikaflex-554-sika-217196
2026-05-28,Toolstock 621,621,15.00,https://www.toolstock.info/principal/10201-SIKAFLEX-621CARTCH300CM3-NEGRO
2026-05-28,Plana Online 621,621,11.80,https://planaonline.com/es/nautica-y-marina/sikaflex-621.html
2026-05-28,MasQueCamper T930,T930,27.04,https://www.masquecamper.com/producto/sellador-negro-terostat-ms-930-310-ml/
2026-05-28,Intercut T930,T930,12.47,https://intercut.es/products/teroson-ms-930-310ml-sellador-blanco-712
2026-05-28,Aismar SF45,SF45,6.66,https://www.poliuretanosaismar.com/tienda/resinas/reparacion-soudal/soudaflex-pu450-fc-300ml/
2026-05-28,Mengual SF45,SF45,9.46,https://www.mengual.com/soudaflex-45fc-adhesivo-sellador-de-poliuretano
2026-05-28,Esteba SF45,SF45,3.42,https://www.esteba.com/es/adhesivo-sellador-pu-soudaflex-45fc
2026-05-28,Simor SS240,SS240,7.07,https://simor.es/producto/soudaseal-240-fc-290-ml/
2026-05-28,Mengual SS240,SS240,21.93,https://www.mengual.com/adhesivo-sellador-soudalseal-240fc-bolsa-de-600-ml
2026-05-28,Ventigo SS240,SS240,10.31,https://www.ventigo.es/es_ES/p/sellador-adhesivo-ms-polimero-gris-soudaseal-240fc-tubo-290ml-unidad/5881/
2026-05-28,Ferreteria Esmas QT,QT,6.00,https://www.ferreteriaesmas.com/adhesivos-de-montaje/117-polimero-adhesivo-fija-plus-turbo-quiadsa-8425608305791.html
2026-05-28,Destornillate QT,QT,6.90,https://www.destornillate.es/producto/quiadsa-adhesivo-sellador-fija-plus-turbo-blanco-290ml/
2026-05-28,ModregoHogar SP101,SP101,71.00,https://www.modregohogar.com/ferreteria/silicona/siliconas-y-masillas/instant-tack-sp101-cartucho-blanco.html
2026-05-28,Madrid Camper 522,522,12.40,https://madridcamper.com/selladores-y-adhesivos/9522-sikaflex-522-blanco.html
2026-05-28,Madrid Camper 554,554,18.87,https://madridcamper.com/selladores-y-adhesivos/9519-sikaflex-554-negro.html
2026-05-29,Barna Campers,522,11.50,https://barnacampers.es/Sikaflex-52-BLANCO
2026-05-29,Obelink 522,522,10.99,https://www.obelink.es/sikaflex-522-kit-sellador-adhesivo-hibrido-white-628399.html
2026-05-29,Intercut 554,554,16.84,https://intercut.es/products/sikaflex-554-300-ml-2284
2026-05-29,Obelink 554,554,17.99,https://www.obelink.es/sikaflex-554-kit-de-montaje-black-628401.html
2026-05-29,Berger Camping 554,554,21.75,https://www.berger-camping.es/producto/adhesivo-de-montaje-sikaflex-554-sika-217196
2026-05-29,Toolstock 621,621,15.00,https://www.toolstock.info/principal/10201-SIKAFLEX-621CARTCH300CM3-NEGRO
2026-05-29,Plana Online 621,621,11.80,https://planaonline.com/es/nautica-y-marina/sikaflex-621.html
2026-05-29,MasQueCamper T930,T930,27.04,https://www.masquecamper.com/producto/sellador-negro-terostat-ms-930-310-ml/
2026-05-29,Intercut T930,T930,12.47,https://intercut.es/products/teroson-ms-930-310ml-sellador-blanco-712
2026-05-29,Aismar SF45,SF45,6.66,https://www.poliuretanosaismar.com/tienda/resinas/reparacion-soudal/soudaflex-pu450-fc-300ml/
2026-05-29,Mengual SF45,SF45,9.46,https://www.mengual.com/soudaflex-45fc-adhesivo-sellador-de-poliuretano
2026-05-29,Esteba SF45,SF45,3.42,https://www.esteba.com/es/adhesivo-sellador-pu-soudaflex-45fc
2026-05-29,Simor SS240,SS240,7.07,https://simor.es/producto/soudaseal-240-fc-290-ml/
2026-05-29,Mengual SS240,SS240,21.93,https://www.mengual.com/adhesivo-sellador-soudalseal-240fc-bolsa-de-600-ml
2026-05-29,Ventigo SS240,SS240,10.31,https://www.ventigo.es/es_ES/p/sellador-adhesivo-ms-polimero-gris-soudaseal-240fc-tubo-290ml-unidad/5881/
2026-05-29,Ferreteria Esmas QT,QT,6.00,https://www.ferreteriaesmas.com/adhesivos-de-montaje/117-polimero-adhesivo-fija-plus-turbo-quiadsa-8425608305791.html
2026-05-29,Destornillate QT,QT,6.90,https://www.destornillate.es/producto/quiadsa-adhesivo-sellador-fija-plus-turbo-blanco-290ml/
2026-05-29,Madrid Camper 522,522,12.40,https://madridcamper.com/selladores-y-adhesivos/9522-sikaflex-522-blanco.html
2026-05-29,Madrid Camper 554,554,18.87,https://madridcamper.com/selladores-y-adhesivos/9519-sikaflex-554-negro.html
2026-05-30,Barna Campers,522,11.50,https://barnacampers.es/Sikaflex-52-BLANCO
2026-05-30,Madrid Camper 522,522,12.40,https://madridcamper.com/selladores-y-adhesivos/9522-sikaflex-522-blanco.html
2026-05-30,Obelink 522,522,10.99,https://www.obelink.es/sikaflex-522-kit-sellador-adhesivo-hibrido-white-628399.html
2026-05-30,Intercut 554,554,16.84,https://intercut.es/products/sikaflex-554-300-ml-2284
2026-05-30,Obelink 554,554,17.99,https://www.obelink.es/sikaflex-554-kit-de-montaje-black-628401.html
2026-05-30,Berger Camping 554,554,21.75,https://www.berger-camping.es/producto/adhesivo-de-montaje-sikaflex-554-sika-217196
2026-05-30,Madrid Camper 554,554,18.87,https://madridcamper.com/selladores-y-adhesivos/9519-sikaflex-554-negro.html
2026-05-30,Toolstock 621,621,15.00,https://www.toolstock.info/principal/10201-SIKAFLEX-621CARTCH300CM3-NEGRO
2026-05-30,Plana Online 621,621,11.80,https://planaonline.com/es/nautica-y-marina/sikaflex-621.html
2026-05-30,MasQueCamper T930,T930,27.04,https://www.masquecamper.com/producto/sellador-negro-terostat-ms-930-310-ml/
2026-05-30,Intercut T930,T930,12.47,https://intercut.es/products/teroson-ms-930-310ml-sellador-blanco-712
2026-05-30,Aismar SF45,SF45,6.66,https://www.poliuretanosaismar.com/tienda/resinas/reparacion-soudal/soudaflex-pu450-fc-300ml/
2026-05-30,Mengual SF45,SF45,9.46,https://www.mengual.com/soudaflex-45fc-adhesivo-sellador-de-poliuretano
2026-05-30,Esteba SF45,SF45,3.42,https://www.esteba.com/es/adhesivo-sellador-pu-soudaflex-45fc
2026-05-30,Simor SS240,SS240,7.07,https://simor.es/producto/soudaseal-240-fc-290-ml/
2026-05-30,Mengual SS240,SS240,21.93,https://www.mengual.com/adhesivo-sellador-soudalseal-240fc-bolsa-de-600-ml
2026-05-30,Ventigo SS240,SS240,10.31,https://www.ventigo.es/es_ES/p/sellador-adhesivo-ms-polimero-gris-soudaseal-240fc-tubo-290ml-unidad/5881/
2026-05-30,Ferreteria Esmas QT,QT,6.00,https://www.ferreteriaesmas.com/adhesivos-de-montaje/117-polimero-adhesivo-fija-plus-turbo-quiadsa-8425608305791.html
2026-05-30,Destornillate QT,QT,6.90,https://www.destornillate.es/producto/quiadsa-adhesivo-sellador-fija-plus-turbo-blanco-290ml/
2026-05-30,ModregoHogar SP101,SP101,197.00,https://www.modregohogar.com/ferreteria/silicona/siliconas-y-masillas/instant-tack-sp101-cartucho-blanco.html
2026-05-31,Barna Campers,522,11.50,https://barnacampers.es/Sikaflex-52-BLANCO
2026-05-31,Madrid Camper 522,522,12.40,https://madridcamper.com/selladores-y-adhesivos/9522-sikaflex-522-blanco.html
2026-05-31,Obelink 522,522,10.99,https://www.obelink.es/sikaflex-522-kit-sellador-adhesivo-hibrido-white-628399.html
2026-05-31,Intercut 554,554,16.84,https://intercut.es/products/sikaflex-554-300-ml-2284
2026-05-31,Obelink 554,554,17.99,https://www.obelink.es/sikaflex-554-kit-de-montaje-black-628401.html
2026-05-31,Berger Camping 554,554,21.75,https://www.berger-camping.es/producto/adhesivo-de-montaje-sikaflex-554-sika-217196
2026-05-31,Madrid Camper 554,554,18.87,https://madridcamper.com/selladores-y-adhesivos/9519-sikaflex-554-negro.html
2026-05-31,Toolstock 621,621,15.00,https://www.toolstock.info/principal/10201-SIKAFLEX-621CARTCH300CM3-NEGRO
2026-05-31,Plana Online 621,621,11.80,https://planaonline.com/es/nautica-y-marina/sikaflex-621.html
2026-05-31,MasQueCamper T930,T930,27.04,https://www.masquecamper.com/producto/sellador-negro-terostat-ms-930-310-ml/
2026-05-31,Intercut T930,T930,12.47,https://intercut.es/products/teroson-ms-930-310ml-sellador-blanco-712
2026-05-31,Aismar SF45,SF45,6.66,https://www.poliuretanosaismar.com/tienda/resinas/reparacion-soudal/soudaflex-pu450-fc-300ml/
2026-05-31,Mengual SF45,SF45,9.46,https://www.mengual.com/soudaflex-45fc-adhesivo-sellador-de-poliuretano
2026-05-31,Esteba SF45,SF45,3.42,https://www.esteba.com/es/adhesivo-sellador-pu-soudaflex-45fc
2026-05-31,Simor SS240,SS240,7.07,https://simor.es/producto/soudaseal-240-fc-290-ml/
2026-05-31,Mengual SS240,SS240,21.93,https://www.mengual.com/adhesivo-sellador-soudalseal-240fc-bolsa-de-600-ml
2026-05-31,Ventigo SS240,SS240,10.31,https://www.ventigo.es/es_ES/p/sellador-adhesivo-ms-polimero-gris-soudaseal-240fc-tubo-290ml-unidad/5881/
2026-05-31,Ferreteria Esmas QT,QT,6.00,https://www.ferreteriaesmas.com/adhesivos-de-montaje/117-polimero-adhesivo-fija-plus-turbo-quiadsa-8425608305791.html
2026-05-31,Destornillate QT,QT,6.90,https://www.destornillate.es/producto/quiadsa-adhesivo-sellador-fija-plus-turbo-blanco-290ml/
2026-05-31,ModregoHogar SP101,SP101,328.00,https://www.modregohogar.com/ferreteria/silicona/siliconas-y-masillas/instant-tack-sp101-cartucho-blanco.html
2026-06-01,Barna Campers,522,9.10,https://barnacampers.es/Sikaflex-52-BLANCO
2026-06-01,Obelink 522,522,9.90,https://www.obelink.es/sikaflex-522-kit-sellador-adhesivo-hibrido-white-628399.html
2026-06-01,Intercut 554,554,16.84,https://intercut.es/products/sikaflex-554-300-ml-2284
2026-06-01,Obelink 554,554,17.99,https://www.obelink.es/sikaflex-554-kit-de-montaje-black-628401.html
2026-06-01,Berger Camping 554,554,8.99,https://www.berger-camping.es/producto/adhesivo-de-montaje-sikaflex-554-sika-217196
2026-06-01,MasQueCamper T930,T930,27.04,https://www.masquecamper.com/producto/sellador-negro-terostat-ms-930-310-ml/
2026-06-01,Intercut T930,T930,12.47,https://intercut.es/products/teroson-ms-930-310ml-sellador-blanco-712
2026-06-01,ModregoHogar BP795,BP795,14.70,https://www.modregohogar.com/ferreteria/silicona/espumas-de-poliuretano/masilla-poliuretano-bostik-seal-n-flex-p795-gris-290ml.html
2026-06-01,Diperplac BP795,BP795,7.65,https://diperplac.com/tienda/colas-masillas-y-siliconas/3850-bostik-masilla-poliuretano-p795-flex-300ml-blanca.html
2026-06-01,Ferreteria Maquinaria BP795,BP795,6.50,https://ferreteriaymaquinaria.com/producto/masilla-pu-bostik-p795-premium-cartucho-300-ml/
2026-06-01,Aismar SF45,SF45,6.66,https://www.poliuretanosaismar.com/tienda/resinas/reparacion-soudal/soudaflex-pu450-fc-300ml/
2026-06-01,Mengual SF45,SF45,9.46,https://www.mengual.com/soudaflex-45fc-adhesivo-sellador-de-poliuretano
2026-06-01,SVB Marine 591,591,14.52,https://www.svb-marine.es/es/sika-sellador-marino-sikaflex-591.html
2026-06-01,Francobordo 591,591,11.99,https://www.francobordo.com/sikaflex-591-sellador-de-bajas-emisiones-p-352421.html
2026-06-01,Netcoatings 591,591,12.50,https://netcoatings.shop/es/products/sikaflex-591-sellador-nautico-multiuso-pegamento-hibrido-para-barcos-sika-flex-blanco-300ml
2026-06-01,SVB Marine 291i,291i,9.10,https://www.svb-marine.es/es/sika-sikaflex-sellador-marino-291i-para-juntas.html
2026-06-01,GPS Nautico 291i,291i,32.00,https://www.gpsnautico.com/es/accesorios-transductores/1684-sikaflex-291i-sellador-marino-300ml.html
2026-06-01,Naval Chicolino 291i,291i,16.90,https://navalchicolino.com/producto/sikaflex-marino-291-blanco-o-negro/
2026-06-01,Francobordo 3M5200,3M5200,2.50,https://www.francobordo.com/3m-adhesivo-sellador-marine-5200-blanco-p-353215.html
2026-06-01,A.Alvarez 3M5200,3M5200,31.99,https://www.a-alvarez.com/51842-sellador-adhesivo-3m-secado-rapido-5200
2026-06-01,Toolstock 621,621,15.00,https://www.toolstock.info/principal/10201-SIKAFLEX-621CARTCH300CM3-NEGRO
2026-06-01,Plana Online 621,621,11.80,https://planaonline.com/es/nautica-y-marina/sikaflex-621.html
2026-06-01,Simor SS240,SS240,7.07,https://simor.es/producto/soudaseal-240-fc-290-ml/
2026-06-01,Mengual SS240,SS240,21.93,https://www.mengual.com/adhesivo-sellador-soudalseal-240fc-bolsa-de-600-ml
2026-06-01,Ferreteria Esmas QT,QT,6.00,https://www.ferreteriaesmas.com/adhesivos-de-montaje/117-polimero-adhesivo-fija-plus-turbo-quiadsa-8425608305791.html
2026-06-01,Destornillate QT,QT,6.90,https://www.destornillate.es/producto/quiadsa-adhesivo-sellador-fija-plus-turbo-blanco-290ml/
2026-06-01,Ventigo SS240,SS240,10.31,https://www.ventigo.es/es_ES/p/sellador-adhesivo-ms-polimero-gris-soudaseal-240fc-tubo-290ml-unidad/5881/
2026-06-01,Andorra Campers,522,5.97,https://www.andorracampers.com/es/sikaflex-522-blanca_3485_342.html
2026-06-01,TodoCampers 554,554,13.93,https://todocampers.com/es/5041-sikaflex-554-negro-7612895736495.html
2026-06-01,Shop-SKS 3M4200,3M4200,13.09,https://www.shop-sks.com/es/3M-Adhesivo-y-sellador-de-poliuretano-marino-4200-FC-negro-310-ml
2026-06-01,Amazon SP101,SP101,11.76,https://www.amazon.es/Pattex-Sella-silicona-eficacia-fungicida/dp/B014WLHFL4
2026-06-02,Andorra Campers,522,5.97,https://www.andorracampers.com/es/sikaflex-522-blanca_3485_342.html
2026-06-02,Barna Campers,522,9.10,https://barnacampers.es/Sikaflex-52-BLANCO
2026-06-02,Obelink 522,522,9.90,https://www.obelink.es/sikaflex-522-kit-sellador-adhesivo-hibrido-white-628399.html
2026-06-02,Intercut 554,554,16.84,https://intercut.es/products/sikaflex-554-300-ml-2284
2026-06-02,Obelink 554,554,17.99,https://www.obelink.es/sikaflex-554-kit-de-montaje-black-628401.html
2026-06-02,TodoCampers 554,554,16.85,https://todocampers.com/es/5041-sikaflex-554-negro-7612895736495.html
2026-06-02,Berger Camping 554,554,8.99,https://www.berger-camping.es/producto/adhesivo-de-montaje-sikaflex-554-sika-217196
2026-06-02,MasQueCamper T930,T930,27.04,https://www.masquecamper.com/producto/sellador-negro-terostat-ms-930-310-ml/
2026-06-02,Intercut T930,T930,12.47,https://intercut.es/products/teroson-ms-930-310ml-sellador-blanco-712
2026-06-02,ModregoHogar BP795,BP795,14.70,https://www.modregohogar.com/ferreteria/silicona/espumas-de-poliuretano/masilla-poliuretano-bostik-seal-n-flex-p795-gris-290ml.html
2026-06-02,Diperplac BP795,BP795,7.65,https://diperplac.com/tienda/colas-masillas-y-siliconas/3850-bostik-masilla-poliuretano-p795-flex-300ml-blanca.html
2026-06-02,Ferreteria Maquinaria BP795,BP795,6.50,https://ferreteriaymaquinaria.com/producto/masilla-pu-bostik-p795-premium-cartucho-300-ml/
2026-06-02,Aismar SF45,SF45,6.66,https://www.poliuretanosaismar.com/tienda/resinas/reparacion-soudal/soudaflex-pu450-fc-300ml/
2026-06-02,Mengual SF45,SF45,9.46,https://www.mengual.com/soudaflex-45fc-adhesivo-sellador-de-poliuretano
2026-06-02,SVB Marine 591,591,12.00,https://www.svb-marine.es/es/sika-sellador-marino-sikaflex-591.html
2026-06-02,Netcoatings 591,591,12.50,https://netcoatings.shop/es/products/sikaflex-591-sellador-nautico-multiuso-pegamento-hibrido-para-barcos-sika-flex-blanco-300ml
2026-06-02,SVB Marine 291i,291i,11.06,https://www.svb-marine.es/es/sika-sikaflex-sellador-marino-291i-para-juntas.html
2026-06-02,Naval Chicolino 291i,291i,16.90,https://navalchicolino.com/producto/sikaflex-marino-291-blanco-o-negro/
2026-06-02,A.Alvarez 3M5200,3M5200,31.99,https://www.a-alvarez.com/51842-sellador-adhesivo-3m-secado-rapido-5200
2026-06-02,Shop-SKS 3M4200,3M4200,13.09,https://www.shop-sks.com/es/3M-Adhesivo-y-sellador-de-poliuretano-marino-4200-FC-negro-310-ml
2026-06-02,Toolstock 621,621,15.00,https://www.toolstock.info/principal/10201-SIKAFLEX-621CARTCH300CM3-NEGRO
2026-06-02,Plana Online 621,621,11.80,https://planaonline.com/es/nautica-y-marina/sikaflex-621.html
2026-06-02,Simor SS240,SS240,7.07,https://simor.es/producto/soudaseal-240-fc-290-ml/
2026-06-02,Mengual SS240,SS240,21.93,https://www.mengual.com/adhesivo-sellador-soudalseal-240fc-bolsa-de-600-ml
2026-06-02,Ferreteria Esmas QT,QT,6.00,https://www.ferreteriaesmas.com/adhesivos-de-montaje/117-polimero-adhesivo-fija-plus-turbo-quiadsa-8425608305791.html
2026-06-02,Destornillate QT,QT,6.90,https://www.destornillate.es/producto/quiadsa-adhesivo-sellador-fija-plus-turbo-blanco-290ml/
2026-06-02,Ventigo SS240,SS240,10.31,https://www.ventigo.es/es_ES/p/sellador-adhesivo-ms-polimero-gris-soudaseal-240fc-tubo-290ml-unidad/5881/
2026-06-03,Andorra Campers,522,5.97,https://www.andorracampers.com/es/sikaflex-522-blanca_3485_342.html
2026-06-03,Barna Campers,522,9.10,https://barnacampers.es/Sikaflex-52-BLANCO
2026-06-03,Madrid Camper 522,522,12.40,https://madridcamper.com/selladores-y-adhesivos/9522-sikaflex-522-blanco.html
2026-06-03,Obelink 522,522,9.90,https://www.obelink.es/sikaflex-522-kit-sellador-adhesivo-hibrido-white-628399.html
2026-06-03,Intercut 554,554,16.84,https://intercut.es/products/sikaflex-554-300-ml-2284
2026-06-03,Obelink 554,554,17.99,https://www.obelink.es/sikaflex-554-kit-de-montaje-black-628401.html
2026-06-03,TodoCampers 554,554,16.85,https://todocampers.com/es/5041-sikaflex-554-negro-7612895736495.html
2026-06-03,Berger Camping 554,554,8.99,https://www.berger-camping.es/producto/adhesivo-de-montaje-sikaflex-554-sika-217196
2026-06-03,Madrid Camper 554,554,18.87,https://madridcamper.com/selladores-y-adhesivos/9519-sikaflex-554-negro.html
2026-06-03,MasQueCamper T930,T930,27.04,https://www.masquecamper.com/producto/sellador-negro-terostat-ms-930-310-ml/
2026-06-03,Intercut T930,T930,12.47,https://intercut.es/products/teroson-ms-930-310ml-sellador-blanco-712
2026-06-03,ModregoHogar BP795,BP795,14.70,https://www.modregohogar.com/ferreteria/silicona/espumas-de-poliuretano/masilla-poliuretano-bostik-seal-n-flex-p795-gris-290ml.html
2026-06-03,Diperplac BP795,BP795,7.65,https://diperplac.com/tienda/colas-masillas-y-siliconas/3850-bostik-masilla-poliuretano-p795-flex-300ml-blanca.html
2026-06-03,Ferreteria Maquinaria BP795,BP795,6.50,https://ferreteriaymaquinaria.com/producto/masilla-pu-bostik-p795-premium-cartucho-300-ml/
2026-06-03,Aismar SF45,SF45,6.66,https://www.poliuretanosaismar.com/tienda/resinas/reparacion-soudal/soudaflex-pu450-fc-300ml/
2026-06-03,Mengual SF45,SF45,9.46,https://www.mengual.com/soudaflex-45fc-adhesivo-sellador-de-poliuretano
2026-06-03,SVB Marine 591,591,15.00,https://www.svb-marine.es/es/sika-sellador-marino-sikaflex-591.html
2026-06-03,Francobordo 591,591,13.50,https://www.francobordo.com/sikaflex-591-sellador-de-bajas-emisiones-p-352421.html
2026-06-03,Netcoatings 591,591,12.50,https://netcoatings.shop/es/products/sikaflex-591-sellador-nautico-multiuso-pegamento-hibrido-para-barcos-sika-flex-blanco-300ml
2026-06-03,SVB Marine 291i,291i,9.40,https://www.svb-marine.es/es/sika-sikaflex-sellador-marino-291i-para-juntas.html
2026-06-03,GPS Nautico 291i,291i,32.00,https://www.gpsnautico.com/es/accesorios-transductores/1684-sikaflex-291i-sellador-marino-300ml.html
2026-06-03,Naval Chicolino 291i,291i,16.90,https://navalchicolino.com/producto/sikaflex-marino-291-blanco-o-negro/
2026-06-03,A.Alvarez 3M5200,3M5200,31.99,https://www.a-alvarez.com/51842-sellador-adhesivo-3m-secado-rapido-5200
2026-06-03,Shop-SKS 3M4200,3M4200,13.09,https://www.shop-sks.com/es/3M-Adhesivo-y-sellador-de-poliuretano-marino-4200-FC-negro-310-ml
2026-06-03,Toolstock 621,621,15.00,https://www.toolstock.info/principal/10201-SIKAFLEX-621CARTCH300CM3-NEGRO
2026-06-03,Plana Online 621,621,11.80,https://planaonline.com/es/nautica-y-marina/sikaflex-621.html
2026-06-03,Simor SS240,SS240,7.07,https://simor.es/producto/soudaseal-240-fc-290-ml/
2026-06-03,Mengual SS240,SS240,21.93,https://www.mengual.com/adhesivo-sellador-soudalseal-240fc-bolsa-de-600-ml
2026-06-03,Ferreteria Esmas QT,QT,6.00,https://www.ferreteriaesmas.com/adhesivos-de-montaje/117-polimero-adhesivo-fija-plus-turbo-quiadsa-8425608305791.html
2026-06-03,Destornillate QT,QT,6.90,https://www.destornillate.es/producto/quiadsa-adhesivo-sellador-fija-plus-turbo-blanco-290ml/
2026-06-03,Ventigo SS240,SS240,10.31,https://www.ventigo.es/es_ES/p/sellador-adhesivo-ms-polimero-gris-soudaseal-240fc-tubo-290ml-unidad/5881/
2026-06-04,Madrid Camper 522,522,12.40,https://madridcamper.com/selladores-y-adhesivos/9522-sikaflex-522-blanco.html
2026-06-04,Obelink 522,522,10.99,https://www.obelink.es/sikaflex-522-kit-sellador-adhesivo-hibrido-white-628399.html
2026-06-04,Intercut 554,554,16.84,https://intercut.es/products/sikaflex-554-300-ml-2284
2026-06-04,Obelink 554,554,17.99,https://www.obelink.es/sikaflex-554-kit-de-montaje-black-628401.html
2026-06-04,TodoCampers 554,554,16.85,https://todocampers.com/es/5041-sikaflex-554-negro-7612895736495.html
2026-06-04,Madrid Camper 554,554,18.87,https://madridcamper.com/selladores-y-adhesivos/9519-sikaflex-554-negro.html
2026-06-04,MasQueCamper T930,T930,27.04,https://www.masquecamper.com/producto/sellador-negro-terostat-ms-930-310-ml/
2026-06-04,Intercut T930,T930,12.47,https://intercut.es/products/teroson-ms-930-310ml-sellador-blanco-712
2026-06-04,Diperplac BP795,BP795,8.71,https://diperplac.com/tienda/colas-masillas-y-siliconas/3850-bostik-masilla-poliuretano-p795-flex-300ml-blanca.html
2026-06-04,Ferreteria Maquinaria BP795,BP795,6.50,https://ferreteriaymaquinaria.com/producto/masilla-pu-bostik-p795-premium-cartucho-300-ml/
2026-06-04,Aismar SF45,SF45,6.66,https://www.poliuretanosaismar.com/tienda/resinas/reparacion-soudal/soudaflex-pu450-fc-300ml/
2026-06-04,Mengual SF45,SF45,9.46,https://www.mengual.com/soudaflex-45fc-adhesivo-sellador-de-poliuretano
2026-06-04,Netcoatings 591,591,12.50,https://netcoatings.shop/es/products/sikaflex-591-sellador-nautico-multiuso-pegamento-hibrido-para-barcos-sika-flex-blanco-300ml
2026-06-04,GPS Nautico 291i,291i,32.00,https://www.gpsnautico.com/es/accesorios-transductores/1684-sikaflex-291i-sellador-marino-300ml.html
2026-06-04,Naval Chicolino 291i,291i,16.90,https://navalchicolino.com/producto/sikaflex-marino-291-blanco-o-negro/
2026-06-04,A.Alvarez 3M5200,3M5200,31.99,https://www.a-alvarez.com/51842-sellador-adhesivo-3m-secado-rapido-5200
2026-06-04,Shop-SKS 3M4200,3M4200,15.00,https://www.shop-sks.com/es/3M-Adhesivo-y-sellador-de-poliuretano-marino-4200-FC-negro-310-ml
2026-06-04,Toolstock 621,621,15.00,https://www.toolstock.info/principal/10201-SIKAFLEX-621CARTCH300CM3-NEGRO
2026-06-04,Plana Online 621,621,11.80,https://planaonline.com/es/nautica-y-marina/sikaflex-621.html
2026-06-04,Simor SS240,SS240,7.07,https://simor.es/producto/soudaseal-240-fc-290-ml/
2026-06-04,Mengual SS240,SS240,21.93,https://www.mengual.com/adhesivo-sellador-soudalseal-240fc-bolsa-de-600-ml
2026-06-04,Ferreteria Esmas QT,QT,6.00,https://www.ferreteriaesmas.com/adhesivos-de-montaje/117-polimero-adhesivo-fija-plus-turbo-quiadsa-8425608305791.html
2026-06-04,Destornillate QT,QT,6.90,https://www.destornillate.es/producto/quiadsa-adhesivo-sellador-fija-plus-turbo-blanco-290ml/
2026-06-04,Ventigo SS240,SS240,10.31,https://www.ventigo.es/es_ES/p/sellador-adhesivo-ms-polimero-gris-soudaseal-240fc-tubo-290ml-unidad/5881/
2026-06-05,Madrid Camper 522,522,12.40,https://madridcamper.com/selladores-y-adhesivos/9522-sikaflex-522-blanco.html
2026-06-05,Obelink 522,522,10.99,https://www.obelink.es/sikaflex-522-kit-sellador-adhesivo-hibrido-white-628399.html
2026-06-05,Intercut 554,554,16.84,https://intercut.es/products/sikaflex-554-300-ml-2284
2026-06-05,Obelink 554,554,17.99,https://www.obelink.es/sikaflex-554-kit-de-montaje-black-628401.html
2026-06-05,TodoCampers 554,554,16.85,https://todocampers.com/es/5041-sikaflex-554-negro-7612895736495.html
2026-06-05,Madrid Camper 554,554,18.87,https://madridcamper.com/selladores-y-adhesivos/9519-sikaflex-554-negro.html
2026-06-05,MasQueCamper T930,T930,27.04,https://www.masquecamper.com/producto/sellador-negro-terostat-ms-930-310-ml/
2026-06-05,Intercut T930,T930,12.47,https://intercut.es/products/teroson-ms-930-310ml-sellador-blanco-712
2026-06-05,Diperplac BP795,BP795,8.71,https://diperplac.com/tienda/colas-masillas-y-siliconas/3850-bostik-masilla-poliuretano-p795-flex-300ml-blanca.html
2026-06-05,Ferreteria Maquinaria BP795,BP795,6.50,https://ferreteriaymaquinaria.com/producto/masilla-pu-bostik-p795-premium-cartucho-300-ml/
2026-06-05,Aismar SF45,SF45,6.66,https://www.poliuretanosaismar.com/tienda/resinas/reparacion-soudal/soudaflex-pu450-fc-300ml/
2026-06-05,Mengual SF45,SF45,9.46,https://www.mengual.com/soudaflex-45fc-adhesivo-sellador-de-poliuretano
2026-06-05,Netcoatings 591,591,12.50,https://netcoatings.shop/es/products/sikaflex-591-sellador-nautico-multiuso-pegamento-hibrido-para-barcos-sika-flex-blanco-300ml
2026-06-05,GPS Nautico 291i,291i,32.00,https://www.gpsnautico.com/es/accesorios-transductores/1684-sikaflex-291i-sellador-marino-300ml.html
2026-06-05,Naval Chicolino 291i,291i,16.90,https://navalchicolino.com/producto/sikaflex-marino-291-blanco-o-negro/
2026-06-05,A.Alvarez 3M5200,3M5200,31.99,https://www.a-alvarez.com/51842-sellador-adhesivo-3m-secado-rapido-5200
2026-06-05,Shop-SKS 3M4200,3M4200,15.00,https://www.shop-sks.com/es/3M-Adhesivo-y-sellador-de-poliuretano-marino-4200-FC-negro-310-ml
2026-06-05,Toolstock 621,621,15.00,https://www.toolstock.info/principal/10201-SIKAFLEX-621CARTCH300CM3-NEGRO
2026-06-05,Plana Online 621,621,11.80,https://planaonline.com/es/nautica-y-marina/sikaflex-621.html
2026-06-05,Simor SS240,SS240,7.07,https://simor.es/producto/soudaseal-240-fc-290-ml/
2026-06-05,Mengual SS240,SS240,21.93,https://www.mengual.com/adhesivo-sellador-soudalseal-240fc-bolsa-de-600-ml
2026-06-05,Ferreteria Esmas QT,QT,6.00,https://www.ferreteriaesmas.com/adhesivos-de-montaje/117-polimero-adhesivo-fija-plus-turbo-quiadsa-8425608305791.html
2026-06-05,Destornillate QT,QT,6.90,https://www.destornillate.es/producto/quiadsa-adhesivo-sellador-fija-plus-turbo-blanco-290ml/
2026-06-05,Ventigo SS240,SS240,10.31,https://www.ventigo.es/es_ES/p/sellador-adhesivo-ms-polimero-gris-soudaseal-240fc-tubo-290ml-unidad/5881/
2026-06-06,Madrid Camper 522,522,12.40,https://madridcamper.com/selladores-y-adhesivos/9522-sikaflex-522-blanco.html
2026-06-06,Obelink 522,522,10.99,https://www.obelink.es/sikaflex-522-kit-sellador-adhesivo-hibrido-white-628399.html
2026-06-06,Intercut 554,554,16.84,https://intercut.es/products/sikaflex-554-300-ml-2284
2026-06-06,Obelink 554,554,17.99,https://www.obelink.es/sikaflex-554-kit-de-montaje-black-628401.html
2026-06-06,TodoCampers 554,554,16.85,https://todocampers.com/es/5041-sikaflex-554-negro-7612895736495.html
2026-06-06,Madrid Camper 554,554,18.87,https://madridcamper.com/selladores-y-adhesivos/9519-sikaflex-554-negro.html
2026-06-06,MasQueCamper T930,T930,27.04,https://www.masquecamper.com/producto/sellador-negro-terostat-ms-930-310-ml/
2026-06-06,Intercut T930,T930,12.47,https://intercut.es/products/teroson-ms-930-310ml-sellador-blanco-712
2026-06-06,Diperplac BP795,BP795,8.71,https://diperplac.com/tienda/colas-masillas-y-siliconas/3850-bostik-masilla-poliuretano-p795-flex-300ml-blanca.html
2026-06-06,Ferreteria Maquinaria BP795,BP795,6.50,https://ferreteriaymaquinaria.com/producto/masilla-pu-bostik-p795-premium-cartucho-300-ml/
2026-06-06,Aismar SF45,SF45,6.66,https://www.poliuretanosaismar.com/tienda/resinas/reparacion-soudal/soudaflex-pu450-fc-300ml/
2026-06-06,Mengual SF45,SF45,9.46,https://www.mengual.com/soudaflex-45fc-adhesivo-sellador-de-poliuretano
2026-06-06,Netcoatings 591,591,12.50,https://netcoatings.shop/es/products/sikaflex-591-sellador-nautico-multiuso-pegamento-hibrido-para-barcos-sika-flex-blanco-300ml
2026-06-06,GPS Nautico 291i,291i,32.00,https://www.gpsnautico.com/es/accesorios-transductores/1684-sikaflex-291i-sellador-marino-300ml.html
2026-06-06,A.Alvarez 3M5200,3M5200,31.99,https://www.a-alvarez.com/51842-sellador-adhesivo-3m-secado-rapido-5200
2026-06-06,Shop-SKS 3M4200,3M4200,15.00,https://www.shop-sks.com/es/3M-Adhesivo-y-sellador-de-poliuretano-marino-4200-FC-negro-310-ml
2026-06-06,Toolstock 621,621,15.00,https://www.toolstock.info/principal/10201-SIKAFLEX-621CARTCH300CM3-NEGRO
2026-06-06,Plana Online 621,621,11.80,https://planaonline.com/es/nautica-y-marina/sikaflex-621.html
2026-06-06,Simor SS240,SS240,7.07,https://simor.es/producto/soudaseal-240-fc-290-ml/
2026-06-06,Mengual SS240,SS240,21.93,https://www.mengual.com/adhesivo-sellador-soudalseal-240fc-bolsa-de-600-ml
2026-06-06,Ferreteria Esmas QT,QT,6.00,https://www.ferreteriaesmas.com/adhesivos-de-montaje/117-polimero-adhesivo-fija-plus-turbo-quiadsa-8425608305791.html
2026-06-06,Destornillate QT,QT,6.90,https://www.destornillate.es/producto/quiadsa-adhesivo-sellador-fija-plus-turbo-blanco-290ml/
2026-06-06,Ventigo SS240,SS240,10.31,https://www.ventigo.es/es_ES/p/sellador-adhesivo-ms-polimero-gris-soudaseal-240fc-tubo-290ml-unidad/5881/
